{
  "hash": "3b4ce01e",
  "configHash": "05fec3e1",
  "lockfileHash": "edf9b57b",
  "browserHash": "d8aa0625",
  "optimized": {
    "@angular/cdk/bidi": {
      "src": "../../../../../../node_modules/@angular/cdk/fesm2022/bidi.mjs",
      "file": "@angular_cdk_bidi.js",
      "fileHash": "5c1859e9",
      "needsInterop": false
    },
    "@angular/cdk/scrolling": {
      "src": "../../../../../../node_modules/@angular/cdk/fesm2022/scrolling.mjs",
      "file": "@angular_cdk_scrolling.js",
      "fileHash": "3222c939",
      "needsInterop": false
    },
    "@angular/cdk/text-field": {
      "src": "../../../../../../node_modules/@angular/cdk/fesm2022/text-field.mjs",
      "file": "@angular_cdk_text-field.js",
      "fileHash": "9f416260",
      "needsInterop": false
    },
    "@angular/common": {
      "src": "../../../../../../node_modules/@angular/common/fesm2022/common.mjs",
      "file": "@angular_common.js",
      "fileHash": "fece1131",
      "needsInterop": false
    },
    "@angular/common/http": {
      "src": "../../../../../../node_modules/@angular/common/fesm2022/http.mjs",
      "file": "@angular_common_http.js",
      "fileHash": "9de73dda",
      "needsInterop": false
    },
    "@angular/core": {
      "src": "../../../../../../node_modules/@angular/core/fesm2022/core.mjs",
      "file": "@angular_core.js",
      "fileHash": "83635a9e",
      "needsInterop": false
    },
    "@angular/forms": {
      "src": "../../../../../../node_modules/@angular/forms/fesm2022/forms.mjs",
      "file": "@angular_forms.js",
      "fileHash": "c6552f1a",
      "needsInterop": false
    },
    "@angular/material/button": {
      "src": "../../../../../../node_modules/@angular/material/fesm2022/button.mjs",
      "file": "@angular_material_button.js",
      "fileHash": "1f4c808a",
      "needsInterop": false
    },
    "@angular/material/card": {
      "src": "../../../../../../node_modules/@angular/material/fesm2022/card.mjs",
      "file": "@angular_material_card.js",
      "fileHash": "082a4c15",
      "needsInterop": false
    },
    "@angular/material/checkbox": {
      "src": "../../../../../../node_modules/@angular/material/fesm2022/checkbox.mjs",
      "file": "@angular_material_checkbox.js",
      "fileHash": "16de1512",
      "needsInterop": false
    },
    "@angular/material/chips": {
      "src": "../../../../../../node_modules/@angular/material/fesm2022/chips.mjs",
      "file": "@angular_material_chips.js",
      "fileHash": "9ba9e1ec",
      "needsInterop": false
    },
    "@angular/material/core": {
      "src": "../../../../../../node_modules/@angular/material/fesm2022/core.mjs",
      "file": "@angular_material_core.js",
      "fileHash": "3b6958e7",
      "needsInterop": false
    },
    "@angular/material/datepicker": {
      "src": "../../../../../../node_modules/@angular/material/fesm2022/datepicker.mjs",
      "file": "@angular_material_datepicker.js",
      "fileHash": "9d7aebc2",
      "needsInterop": false
    },
    "@angular/material/dialog": {
      "src": "../../../../../../node_modules/@angular/material/fesm2022/dialog.mjs",
      "file": "@angular_material_dialog.js",
      "fileHash": "ca8e8e63",
      "needsInterop": false
    },
    "@angular/material/divider": {
      "src": "../../../../../../node_modules/@angular/material/fesm2022/divider.mjs",
      "file": "@angular_material_divider.js",
      "fileHash": "494f72ce",
      "needsInterop": false
    },
    "@angular/material/form-field": {
      "src": "../../../../../../node_modules/@angular/material/fesm2022/form-field.mjs",
      "file": "@angular_material_form-field.js",
      "fileHash": "fb162364",
      "needsInterop": false
    },
    "@angular/material/icon": {
      "src": "../../../../../../node_modules/@angular/material/fesm2022/icon.mjs",
      "file": "@angular_material_icon.js",
      "fileHash": "dbb5eb30",
      "needsInterop": false
    },
    "@angular/material/input": {
      "src": "../../../../../../node_modules/@angular/material/fesm2022/input.mjs",
      "file": "@angular_material_input.js",
      "fileHash": "12d6a51f",
      "needsInterop": false
    },
    "@angular/material/menu": {
      "src": "../../../../../../node_modules/@angular/material/fesm2022/menu.mjs",
      "file": "@angular_material_menu.js",
      "fileHash": "4bdf1bc6",
      "needsInterop": false
    },
    "@angular/material/progress-spinner": {
      "src": "../../../../../../node_modules/@angular/material/fesm2022/progress-spinner.mjs",
      "file": "@angular_material_progress-spinner.js",
      "fileHash": "f4a97da3",
      "needsInterop": false
    },
    "@angular/material/select": {
      "src": "../../../../../../node_modules/@angular/material/fesm2022/select.mjs",
      "file": "@angular_material_select.js",
      "fileHash": "54698442",
      "needsInterop": false
    },
    "@angular/material/toolbar": {
      "src": "../../../../../../node_modules/@angular/material/fesm2022/toolbar.mjs",
      "file": "@angular_material_toolbar.js",
      "fileHash": "47160420",
      "needsInterop": false
    },
    "@angular/material/tooltip": {
      "src": "../../../../../../node_modules/@angular/material/fesm2022/tooltip.mjs",
      "file": "@angular_material_tooltip.js",
      "fileHash": "d7326816",
      "needsInterop": false
    },
    "@angular/platform-browser": {
      "src": "../../../../../../node_modules/@angular/platform-browser/fesm2022/platform-browser.mjs",
      "file": "@angular_platform-browser.js",
      "fileHash": "4dfd403e",
      "needsInterop": false
    },
    "@angular/router": {
      "src": "../../../../../../node_modules/@angular/router/fesm2022/router.mjs",
      "file": "@angular_router.js",
      "fileHash": "bb81cdf9",
      "needsInterop": false
    },
    "rxjs": {
      "src": "../../../../../../node_modules/rxjs/dist/esm5/index.js",
      "file": "rxjs.js",
      "fileHash": "a8f8e56b",
      "needsInterop": false
    },
    "zone.js": {
      "src": "../../../../../../node_modules/zone.js/fesm2015/zone.js",
      "file": "zone__js.js",
      "fileHash": "20b0666b",
      "needsInterop": true
    },
    "@angular/platform-browser/animations": {
      "src": "../../../../../../node_modules/@angular/platform-browser/fesm2022/animations.mjs",
      "file": "@angular_platform-browser_animations.js",
      "fileHash": "83448c75",
      "needsInterop": false
    }
  },
  "chunks": {
    "chunk-MIJQ4A3J": {
      "file": "chunk-MIJQ4A3J.js"
    },
    "chunk-Z3Z3KZOS": {
      "file": "chunk-Z3Z3KZOS.js"
    },
    "chunk-AAKFPM5S": {
      "file": "chunk-AAKFPM5S.js"
    },
    "chunk-HP3ZAVRN": {
      "file": "chunk-HP3ZAVRN.js"
    },
    "chunk-3ER3S63Z": {
      "file": "chunk-3ER3S63Z.js"
    },
    "chunk-3W37OFYD": {
      "file": "chunk-3W37OFYD.js"
    },
    "chunk-HUTXAKBF": {
      "file": "chunk-HUTXAKBF.js"
    },
    "chunk-O5YYXGQP": {
      "file": "chunk-O5YYXGQP.js"
    },
    "chunk-U7V4ZV45": {
      "file": "chunk-U7V4ZV45.js"
    },
    "chunk-VIQI5V4W": {
      "file": "chunk-VIQI5V4W.js"
    },
    "chunk-RXI2MMEN": {
      "file": "chunk-RXI2MMEN.js"
    },
    "chunk-BOMFFXNL": {
      "file": "chunk-BOMFFXNL.js"
    },
    "chunk-RDVJMS3P": {
      "file": "chunk-RDVJMS3P.js"
    },
    "chunk-S3YQZOOP": {
      "file": "chunk-S3YQZOOP.js"
    },
    "chunk-I2BWRYDH": {
      "file": "chunk-I2BWRYDH.js"
    },
    "chunk-5IHP4CL3": {
      "file": "chunk-5IHP4CL3.js"
    },
    "chunk-DIKUXZOK": {
      "file": "chunk-DIKUXZOK.js"
    },
    "chunk-RL7QCQIQ": {
      "file": "chunk-RL7QCQIQ.js"
    },
    "chunk-RLEL4FRY": {
      "file": "chunk-RLEL4FRY.js"
    },
    "chunk-65YMD7LH": {
      "file": "chunk-65YMD7LH.js"
    },
    "chunk-JJZO3RXC": {
      "file": "chunk-JJZO3RXC.js"
    },
    "chunk-GWFLKVBH": {
      "file": "chunk-GWFLKVBH.js"
    },
    "chunk-VENV3F3G": {
      "file": "chunk-VENV3F3G.js"
    },
    "chunk-74EW36FQ": {
      "file": "chunk-74EW36FQ.js"
    },
    "chunk-7UJZXIJQ": {
      "file": "chunk-7UJZXIJQ.js"
    },
    "chunk-ZHZLX54V": {
      "file": "chunk-ZHZLX54V.js"
    },
    "chunk-47JIHEFC": {
      "file": "chunk-47JIHEFC.js"
    },
    "chunk-R7UEMIMT": {
      "file": "chunk-R7UEMIMT.js"
    },
    "chunk-PKT2P7H4": {
      "file": "chunk-PKT2P7H4.js"
    },
    "chunk-ZJ25XCV3": {
      "file": "chunk-ZJ25XCV3.js"
    },
    "chunk-GS5ZVD26": {
      "file": "chunk-GS5ZVD26.js"
    },
    "chunk-RSS3ODKE": {
      "file": "chunk-RSS3ODKE.js"
    },
    "chunk-TXDUYLVM": {
      "file": "chunk-TXDUYLVM.js"
    }
  }
}